[{"model": "admin.logentry", "pk": 1, "fields": {"action_time": "2024-03-06T17:43:27.547Z", "user": 3, "content_type": 6, "object_id": "1", "object_repr": "Category object (1)", "action_flag": 1, "change_message": "[{\"added\": {}}]"}}, {"model": "admin.logentry", "pk": 2, "fields": {"action_time": "2024-03-06T17:43:41.167Z", "user": 3, "content_type": 6, "object_id": "2", "object_repr": "Category object (2)", "action_flag": 1, "change_message": "[{\"added\": {}}]"}}, {"model": "admin.logentry", "pk": 3, "fields": {"action_time": "2024-03-06T17:49:31.660Z", "user": 3, "content_type": 8, "object_id": "1", "object_repr": "Product object (1)", "action_flag": 1, "change_message": "[{\"added\": {}}]"}}, {"model": "admin.logentry", "pk": 4, "fields": {"action_time": "2024-03-06T17:51:18.223Z", "user": 3, "content_type": 7, "object_id": "1", "object_repr": "Size object (1)", "action_flag": 1, "change_message": "[{\"added\": {}}]"}}, {"model": "admin.logentry", "pk": 5, "fields": {"action_time": "2024-03-06T17:51:49.932Z", "user": 3, "content_type": 7, "object_id": "1", "object_repr": "Size object (1)", "action_flag": 3, "change_message": ""}}, {"model": "admin.logentry", "pk": 6, "fields": {"action_time": "2024-03-06T17:51:58.917Z", "user": 3, "content_type": 7, "object_id": "2", "object_repr": "Size object (2)", "action_flag": 1, "change_message": "[{\"added\": {}}]"}}, {"model": "admin.logentry", "pk": 7, "fields": {"action_time": "2024-03-06T17:52:02.914Z", "user": 3, "content_type": 7, "object_id": "3", "object_repr": "Size object (3)", "action_flag": 1, "change_message": "[{\"added\": {}}]"}}, {"model": "admin.logentry", "pk": 8, "fields": {"action_time": "2024-03-06T17:52:04.689Z", "user": 3, "content_type": 7, "object_id": "4", "object_repr": "Size object (4)", "action_flag": 1, "change_message": "[{\"added\": {}}]"}}, {"model": "admin.logentry", "pk": 9, "fields": {"action_time": "2024-03-06T17:52:13.116Z", "user": 3, "content_type": 7, "object_id": "5", "object_repr": "Size object (5)", "action_flag": 1, "change_message": "[{\"added\": {}}]"}}, {"model": "admin.logentry", "pk": 10, "fields": {"action_time": "2024-03-06T17:52:15.341Z", "user": 3, "content_type": 7, "object_id": "6", "object_repr": "Size object (6)", "action_flag": 1, "change_message": "[{\"added\": {}}]"}}, {"model": "admin.logentry", "pk": 11, "fields": {"action_time": "2024-03-06T17:52:19.025Z", "user": 3, "content_type": 7, "object_id": "7", "object_repr": "Size object (7)", "action_flag": 1, "change_message": "[{\"added\": {}}]"}}, {"model": "admin.logentry", "pk": 12, "fields": {"action_time": "2024-03-06T17:52:33.139Z", "user": 3, "content_type": 7, "object_id": "8", "object_repr": "Size object (8)", "action_flag": 1, "change_message": "[{\"added\": {}}]"}}, {"model": "admin.logentry", "pk": 13, "fields": {"action_time": "2024-03-06T17:52:48.931Z", "user": 3, "content_type": 7, "object_id": "9", "object_repr": "Size object (9)", "action_flag": 1, "change_message": "[{\"added\": {}}]"}}, {"model": "admin.logentry", "pk": 14, "fields": {"action_time": "2024-03-06T17:52:51.900Z", "user": 3, "content_type": 7, "object_id": "10", "object_repr": "Size object (10)", "action_flag": 1, "change_message": "[{\"added\": {}}]"}}, {"model": "admin.logentry", "pk": 15, "fields": {"action_time": "2024-03-06T17:52:55.632Z", "user": 3, "content_type": 7, "object_id": "11", "object_repr": "Size object (11)", "action_flag": 1, "change_message": "[{\"added\": {}}]"}}, {"model": "admin.logentry", "pk": 16, "fields": {"action_time": "2024-03-06T17:54:39.224Z", "user": 3, "content_type": 9, "object_id": "1", "object_repr": "Inventory object (1)", "action_flag": 1, "change_message": "[{\"added\": {}}]"}}, {"model": "admin.logentry", "pk": 17, "fields": {"action_time": "2024-03-06T18:27:51.412Z", "user": 3, "content_type": 9, "object_id": "2", "object_repr": "M | Худи черного цвета с монограммами adidas Originals | 15", "action_flag": 1, "change_message": "[{\"added\": {}}]"}}, {"model": "admin.logentry", "pk": 18, "fields": {"action_time": "2024-03-06T18:28:08.738Z", "user": 3, "content_type": 9, "object_id": "3", "object_repr": "L | Худи черного цвета с монограммами adidas Originals | 5", "action_flag": 1, "change_message": "[{\"added\": {}}]"}}, {"model": "admin.logentry", "pk": 19, "fields": {"action_time": "2024-03-06T18:49:19.995Z", "user": 3, "content_type": 8, "object_id": "2", "object_repr": "Синяя куртка The North Face", "action_flag": 1, "change_message": "[{\"added\": {}}]"}}, {"model": "admin.logentry", "pk": 20, "fields": {"action_time": "2024-03-06T18:49:46.364Z", "user": 3, "content_type": 9, "object_id": "4", "object_repr": "S | Синяя куртка The North Face | 6", "action_flag": 1, "change_message": "[{\"added\": {}}]"}}, {"model": "admin.logentry", "pk": 21, "fields": {"action_time": "2024-03-06T18:49:54.101Z", "user": 3, "content_type": 9, "object_id": "5", "object_repr": "M | Синяя куртка The North Face | 8", "action_flag": 1, "change_message": "[{\"added\": {}}]"}}, {"model": "admin.logentry", "pk": 22, "fields": {"action_time": "2024-03-06T18:50:27.132Z", "user": 3, "content_type": 9, "object_id": "6", "object_repr": "L | Синяя куртка The North Face | 3", "action_flag": 1, "change_message": "[{\"added\": {}}]"}}, {"model": "admin.logentry", "pk": 23, "fields": {"action_time": "2024-03-06T19:51:57.969Z", "user": 3, "content_type": 9, "object_id": "4", "object_repr": "S | Синяя куртка The North Face | 5", "action_flag": 2, "change_message": "[{\"changed\": {\"fields\": [\"\\u041a\\u043e\\u043b\\u0438\\u0447\\u0435\\u0441\\u0442\\u0432\\u043e\"]}}]"}}, {"model": "admin.logentry", "pk": 24, "fields": {"action_time": "2024-03-06T21:27:03.373Z", "user": 3, "content_type": 6, "object_id": "3", "object_repr": "Аксессуары", "action_flag": 1, "change_message": "[{\"added\": {}}]"}}, {"model": "admin.logentry", "pk": 25, "fields": {"action_time": "2024-03-06T21:32:02.659Z", "user": 3, "content_type": 8, "object_id": "3", "object_repr": "Коричневый спортивный oversized-топ ASOS DESIGN", "action_flag": 1, "change_message": "[{\"added\": {}}]"}}, {"model": "admin.logentry", "pk": 26, "fields": {"action_time": "2024-03-06T21:33:02.843Z", "user": 3, "content_type": 9, "object_id": "7", "object_repr": "S | Коричневый спортивный oversized-топ ASOS DESIGN | 11", "action_flag": 1, "change_message": "[{\"added\": {}}]"}}, {"model": "admin.logentry", "pk": 27, "fields": {"action_time": "2024-03-06T21:33:20.193Z", "user": 3, "content_type": 9, "object_id": "8", "object_repr": "M | Коричневый спортивный oversized-топ ASOS DESIGN | 12", "action_flag": 1, "change_message": "[{\"added\": {}}]"}}, {"model": "admin.logentry", "pk": 28, "fields": {"action_time": "2024-03-14T13:03:34.997Z", "user": 3, "content_type": 8, "object_id": "3", "object_repr": "Коричневый спортивный oversized-топ ASOS DESIGN", "action_flag": 2, "change_message": "[{\"changed\": {\"fields\": [\"\\u0424\\u043e\\u0442\\u043e\"]}}]"}}, {"model": "admin.logentry", "pk": 29, "fields": {"action_time": "2024-03-14T13:04:53.915Z", "user": 3, "content_type": 8, "object_id": "2", "object_repr": "Синяя куртка The North Face", "action_flag": 2, "change_message": "[{\"changed\": {\"fields\": [\"\\u0424\\u043e\\u0442\\u043e\"]}}]"}}, {"model": "admin.logentry", "pk": 30, "fields": {"action_time": "2024-03-14T13:05:08.467Z", "user": 3, "content_type": 8, "object_id": "1", "object_repr": "Худи черного цвета с монограммами adidas Originals", "action_flag": 2, "change_message": "[{\"changed\": {\"fields\": [\"\\u0424\\u043e\\u0442\\u043e\"]}}]"}}, {"model": "admin.logentry", "pk": 31, "fields": {"action_time": "2024-03-14T19:58:52.345Z", "user": 3, "content_type": 8, "object_id": "3", "object_repr": "Коричневый спортивный oversized-топ ASOS DESIGN", "action_flag": 2, "change_message": "[{\"changed\": {\"fields\": [\"\\u041a\\u0430\\u0442\\u0435\\u0433\\u043e\\u0440\\u0438\\u044f\"]}}]"}}, {"model": "admin.logentry", "pk": 32, "fields": {"action_time": "2024-03-14T21:06:49.873Z", "user": 3, "content_type": 8, "object_id": "3", "object_repr": "Коричневый спортивный oversized-топ ASOS DESIGN", "action_flag": 2, "change_message": "[{\"changed\": {\"fields\": [\"\\u041a\\u0430\\u0442\\u0435\\u0433\\u043e\\u0440\\u0438\\u044f\"]}}]"}}, {"model": "admin.logentry", "pk": 33, "fields": {"action_time": "2024-03-14T21:07:42.935Z", "user": 3, "content_type": 6, "object_id": "4", "object_repr": "Новинки", "action_flag": 1, "change_message": "[{\"added\": {}}]"}}, {"model": "admin.logentry", "pk": 34, "fields": {"action_time": "2024-03-14T21:11:20.314Z", "user": 3, "content_type": 6, "object_id": "4", "object_repr": "Новинки", "action_flag": 3, "change_message": ""}}, {"model": "admin.logentry", "pk": 35, "fields": {"action_time": "2024-03-15T11:48:55.881Z", "user": 3, "content_type": 6, "object_id": "3", "object_repr": "Аксессуары", "action_flag": 2, "change_message": "[{\"changed\": {\"fields\": [\"Slug\"]}}]"}}, {"model": "admin.logentry", "pk": 36, "fields": {"action_time": "2024-03-15T11:49:03.547Z", "user": 3, "content_type": 6, "object_id": "2", "object_repr": "Обувь", "action_flag": 2, "change_message": "[{\"changed\": {\"fields\": [\"Slug\"]}}]"}}, {"model": "admin.logentry", "pk": 37, "fields": {"action_time": "2024-03-15T11:49:09.311Z", "user": 3, "content_type": 6, "object_id": "1", "object_repr": "Одежда", "action_flag": 2, "change_message": "[{\"changed\": {\"fields\": [\"Slug\"]}}]"}}, {"model": "admin.logentry", "pk": 38, "fields": {"action_time": "2024-03-15T12:38:45.938Z", "user": 3, "content_type": 8, "object_id": "4", "object_repr": "Джинсовая куртка Oversized", "action_flag": 1, "change_message": "[{\"added\": {}}]"}}, {"model": "admin.logentry", "pk": 39, "fields": {"action_time": "2024-03-15T12:39:20.641Z", "user": 3, "content_type": 8, "object_id": "4", "object_repr": "Джинсовая куртка Oversized", "action_flag": 2, "change_message": "[{\"changed\": {\"fields\": [\"\\u0424\\u043e\\u0442\\u043e\"]}}]"}}, {"model": "admin.logentry", "pk": 40, "fields": {"action_time": "2024-03-15T12:53:56.329Z", "user": 3, "content_type": 8, "object_id": "5", "object_repr": "Кожаные кеды в минималистичном стиле Lera Nena", "action_flag": 1, "change_message": "[{\"added\": {}}]"}}, {"model": "admin.logentry", "pk": 41, "fields": {"action_time": "2024-03-15T14:40:17.822Z", "user": 3, "content_type": 7, "object_id": "12", "object_repr": "34", "action_flag": 1, "change_message": "[{\"added\": {}}]"}}, {"model": "admin.logentry", "pk": 42, "fields": {"action_time": "2024-03-15T14:40:20.528Z", "user": 3, "content_type": 7, "object_id": "13", "object_repr": "35", "action_flag": 1, "change_message": "[{\"added\": {}}]"}}, {"model": "admin.logentry", "pk": 43, "fields": {"action_time": "2024-03-15T14:40:22.898Z", "user": 3, "content_type": 7, "object_id": "14", "object_repr": "36", "action_flag": 1, "change_message": "[{\"added\": {}}]"}}, {"model": "admin.logentry", "pk": 44, "fields": {"action_time": "2024-03-15T14:40:24.826Z", "user": 3, "content_type": 7, "object_id": "15", "object_repr": "37", "action_flag": 1, "change_message": "[{\"added\": {}}]"}}, {"model": "admin.logentry", "pk": 45, "fields": {"action_time": "2024-03-15T14:40:26.985Z", "user": 3, "content_type": 7, "object_id": "16", "object_repr": "38", "action_flag": 1, "change_message": "[{\"added\": {}}]"}}, {"model": "admin.logentry", "pk": 46, "fields": {"action_time": "2024-03-15T14:40:29.218Z", "user": 3, "content_type": 7, "object_id": "17", "object_repr": "39", "action_flag": 1, "change_message": "[{\"added\": {}}]"}}, {"model": "admin.logentry", "pk": 47, "fields": {"action_time": "2024-03-15T14:40:32.411Z", "user": 3, "content_type": 7, "object_id": "18", "object_repr": "40", "action_flag": 1, "change_message": "[{\"added\": {}}]"}}, {"model": "admin.logentry", "pk": 48, "fields": {"action_time": "2024-03-15T14:40:34.879Z", "user": 3, "content_type": 7, "object_id": "19", "object_repr": "41", "action_flag": 1, "change_message": "[{\"added\": {}}]"}}, {"model": "admin.logentry", "pk": 49, "fields": {"action_time": "2024-03-15T14:40:38.974Z", "user": 3, "content_type": 7, "object_id": "20", "object_repr": "42", "action_flag": 1, "change_message": "[{\"added\": {}}]"}}, {"model": "admin.logentry", "pk": 50, "fields": {"action_time": "2024-03-15T14:40:41.515Z", "user": 3, "content_type": 7, "object_id": "21", "object_repr": "43", "action_flag": 1, "change_message": "[{\"added\": {}}]"}}, {"model": "admin.logentry", "pk": 51, "fields": {"action_time": "2024-03-15T14:40:43.916Z", "user": 3, "content_type": 7, "object_id": "22", "object_repr": "44", "action_flag": 1, "change_message": "[{\"added\": {}}]"}}, {"model": "admin.logentry", "pk": 52, "fields": {"action_time": "2024-03-15T14:40:45.936Z", "user": 3, "content_type": 7, "object_id": "23", "object_repr": "45", "action_flag": 1, "change_message": "[{\"added\": {}}]"}}, {"model": "admin.logentry", "pk": 53, "fields": {"action_time": "2024-03-15T14:40:48.084Z", "user": 3, "content_type": 7, "object_id": "24", "object_repr": "46", "action_flag": 1, "change_message": "[{\"added\": {}}]"}}, {"model": "admin.logentry", "pk": 54, "fields": {"action_time": "2024-03-15T14:40:50.600Z", "user": 3, "content_type": 7, "object_id": "25", "object_repr": "47", "action_flag": 1, "change_message": "[{\"added\": {}}]"}}, {"model": "admin.logentry", "pk": 55, "fields": {"action_time": "2024-03-15T14:40:52.304Z", "user": 3, "content_type": 7, "object_id": "26", "object_repr": "48", "action_flag": 1, "change_message": "[{\"added\": {}}]"}}, {"model": "admin.logentry", "pk": 56, "fields": {"action_time": "2024-03-15T14:42:22.424Z", "user": 3, "content_type": 9, "object_id": "9", "object_repr": "35 | Кожаные кеды в минималистичном стиле Lera Nena | 5", "action_flag": 1, "change_message": "[{\"added\": {}}]"}}, {"model": "admin.logentry", "pk": 57, "fields": {"action_time": "2024-03-15T14:42:31.999Z", "user": 3, "content_type": 9, "object_id": "10", "object_repr": "36 | Кожаные кеды в минималистичном стиле Lera Nena | 6", "action_flag": 1, "change_message": "[{\"added\": {}}]"}}, {"model": "admin.logentry", "pk": 58, "fields": {"action_time": "2024-03-18T21:04:41.640Z", "user": 3, "content_type": 9, "object_id": "11", "object_repr": "M | Джинсовая куртка Oversized | 6", "action_flag": 1, "change_message": "[{\"added\": {}}]"}}, {"model": "admin.logentry", "pk": 59, "fields": {"action_time": "2024-03-18T21:05:53.108Z", "user": 3, "content_type": 8, "object_id": "4", "object_repr": "Джинсовая куртка Oversized", "action_flag": 2, "change_message": "[{\"changed\": {\"fields\": [\"\\u041e\\u043f\\u0438\\u0441\\u0430\\u043d\\u0438\\u0435\"]}}]"}}, {"model": "admin.logentry", "pk": 60, "fields": {"action_time": "2024-03-25T15:11:50.959Z", "user": 3, "content_type": 10, "object_id": "9", "object_repr": "CoolMax", "action_flag": 3, "change_message": ""}}, {"model": "admin.logentry", "pk": 61, "fields": {"action_time": "2024-03-25T15:17:53.975Z", "user": 3, "content_type": 10, "object_id": "10", "object_repr": "CoolMax", "action_flag": 3, "change_message": ""}}, {"model": "admin.logentry", "pk": 62, "fields": {"action_time": "2024-03-28T20:54:26.376Z", "user": 3, "content_type": 9, "object_id": "4", "object_repr": "S | Синяя куртка The North Face | 5", "action_flag": 2, "change_message": "[{\"changed\": {\"fields\": [\"\\u041a\\u043e\\u043b\\u0438\\u0447\\u0435\\u0441\\u0442\\u0432\\u043e\"]}}]"}}, {"model": "admin.logentry", "pk": 63, "fields": {"action_time": "2024-04-04T19:58:55.465Z", "user": 3, "content_type": 9, "object_id": "12", "object_repr": "S | Джинсовая куртка Oversized | 5", "action_flag": 1, "change_message": "[{\"added\": {}}]"}}, {"model": "admin.logentry", "pk": 64, "fields": {"action_time": "2024-04-04T19:59:10.138Z", "user": 3, "content_type": 9, "object_id": "11", "object_repr": "M | Джинсовая куртка Oversized | 5", "action_flag": 2, "change_message": "[{\"changed\": {\"fields\": [\"\\u041a\\u043e\\u043b\\u0438\\u0447\\u0435\\u0441\\u0442\\u0432\\u043e\"]}}]"}}, {"model": "admin.logentry", "pk": 65, "fields": {"action_time": "2024-04-04T19:59:10.140Z", "user": 3, "content_type": 9, "object_id": "9", "object_repr": "35 | Кожаные кеды в минималистичном стиле Lera Nena | 5", "action_flag": 2, "change_message": "[{\"changed\": {\"fields\": [\"\\u041a\\u043e\\u043b\\u0438\\u0447\\u0435\\u0441\\u0442\\u0432\\u043e\"]}}]"}}, {"model": "admin.logentry", "pk": 66, "fields": {"action_time": "2024-04-04T19:59:10.142Z", "user": 3, "content_type": 9, "object_id": "10", "object_repr": "36 | Кожаные кеды в минималистичном стиле Lera Nena | 5", "action_flag": 2, "change_message": "[{\"changed\": {\"fields\": [\"\\u041a\\u043e\\u043b\\u0438\\u0447\\u0435\\u0441\\u0442\\u0432\\u043e\"]}}]"}}, {"model": "admin.logentry", "pk": 67, "fields": {"action_time": "2024-04-04T19:59:10.144Z", "user": 3, "content_type": 9, "object_id": "4", "object_repr": "S | Синяя куртка The North Face | 6", "action_flag": 2, "change_message": "[{\"changed\": {\"fields\": [\"\\u041a\\u043e\\u043b\\u0438\\u0447\\u0435\\u0441\\u0442\\u0432\\u043e\"]}}]"}}, {"model": "admin.logentry", "pk": 68, "fields": {"action_time": "2024-04-04T19:59:10.146Z", "user": 3, "content_type": 9, "object_id": "6", "object_repr": "L | Синяя куртка The North Face | 6", "action_flag": 2, "change_message": "[{\"changed\": {\"fields\": [\"\\u041a\\u043e\\u043b\\u0438\\u0447\\u0435\\u0441\\u0442\\u0432\\u043e\"]}}]"}}, {"model": "admin.logentry", "pk": 69, "fields": {"action_time": "2024-04-07T15:12:35.673Z", "user": 3, "content_type": 6, "object_id": "3", "object_repr": "Аксессуары", "action_flag": 2, "change_message": "[{\"changed\": {\"fields\": [\"Slug\"]}}]"}}, {"model": "admin.logentry", "pk": 70, "fields": {"action_time": "2024-04-07T15:12:54.919Z", "user": 3, "content_type": 6, "object_id": "2", "object_repr": "Обувь", "action_flag": 2, "change_message": "[{\"changed\": {\"fields\": [\"Slug\"]}}]"}}, {"model": "admin.logentry", "pk": 71, "fields": {"action_time": "2024-04-07T15:13:41.979Z", "user": 3, "content_type": 6, "object_id": "1", "object_repr": "Одежда", "action_flag": 2, "change_message": "[{\"changed\": {\"fields\": [\"Slug\"]}}]"}}, {"model": "admin.logentry", "pk": 72, "fields": {"action_time": "2024-04-22T16:02:23.695Z", "user": 3, "content_type": 11, "object_id": "16", "object_repr": "test", "action_flag": 3, "change_message": ""}}, {"model": "admin.logentry", "pk": 73, "fields": {"action_time": "2024-04-22T16:07:17.953Z", "user": 3, "content_type": 11, "object_id": "17", "object_repr": "test", "action_flag": 3, "change_message": ""}}, {"model": "admin.logentry", "pk": 74, "fields": {"action_time": "2024-04-22T16:09:36.344Z", "user": 3, "content_type": 11, "object_id": "18", "object_repr": "test", "action_flag": 3, "change_message": ""}}, {"model": "admin.logentry", "pk": 75, "fields": {"action_time": "2024-04-22T16:11:09.042Z", "user": 3, "content_type": 11, "object_id": "19", "object_repr": "test", "action_flag": 3, "change_message": ""}}, {"model": "admin.logentry", "pk": 76, "fields": {"action_time": "2024-04-22T16:13:43.861Z", "user": 3, "content_type": 11, "object_id": "20", "object_repr": "test", "action_flag": 3, "change_message": ""}}, {"model": "admin.logentry", "pk": 77, "fields": {"action_time": "2024-04-22T16:30:10.756Z", "user": 3, "content_type": 11, "object_id": "21", "object_repr": "test", "action_flag": 3, "change_message": ""}}, {"model": "auth.permission", "pk": 1, "fields": {"name": "Can add log entry", "content_type": 1, "codename": "add_logentry"}}, {"model": "auth.permission", "pk": 2, "fields": {"name": "Can change log entry", "content_type": 1, "codename": "change_logentry"}}, {"model": "auth.permission", "pk": 3, "fields": {"name": "Can delete log entry", "content_type": 1, "codename": "delete_logentry"}}, {"model": "auth.permission", "pk": 4, "fields": {"name": "Can view log entry", "content_type": 1, "codename": "view_logentry"}}, {"model": "auth.permission", "pk": 5, "fields": {"name": "Can add permission", "content_type": 2, "codename": "add_permission"}}, {"model": "auth.permission", "pk": 6, "fields": {"name": "Can change permission", "content_type": 2, "codename": "change_permission"}}, {"model": "auth.permission", "pk": 7, "fields": {"name": "Can delete permission", "content_type": 2, "codename": "delete_permission"}}, {"model": "auth.permission", "pk": 8, "fields": {"name": "Can view permission", "content_type": 2, "codename": "view_permission"}}, {"model": "auth.permission", "pk": 9, "fields": {"name": "Can add group", "content_type": 3, "codename": "add_group"}}, {"model": "auth.permission", "pk": 10, "fields": {"name": "Can change group", "content_type": 3, "codename": "change_group"}}, {"model": "auth.permission", "pk": 11, "fields": {"name": "Can delete group", "content_type": 3, "codename": "delete_group"}}, {"model": "auth.permission", "pk": 12, "fields": {"name": "Can view group", "content_type": 3, "codename": "view_group"}}, {"model": "auth.permission", "pk": 13, "fields": {"name": "Can add content type", "content_type": 4, "codename": "add_contenttype"}}, {"model": "auth.permission", "pk": 14, "fields": {"name": "Can change content type", "content_type": 4, "codename": "change_contenttype"}}, {"model": "auth.permission", "pk": 15, "fields": {"name": "Can delete content type", "content_type": 4, "codename": "delete_contenttype"}}, {"model": "auth.permission", "pk": 16, "fields": {"name": "Can view content type", "content_type": 4, "codename": "view_contenttype"}}, {"model": "auth.permission", "pk": 17, "fields": {"name": "Can add session", "content_type": 5, "codename": "add_session"}}, {"model": "auth.permission", "pk": 18, "fields": {"name": "Can change session", "content_type": 5, "codename": "change_session"}}, {"model": "auth.permission", "pk": 19, "fields": {"name": "Can delete session", "content_type": 5, "codename": "delete_session"}}, {"model": "auth.permission", "pk": 20, "fields": {"name": "Can view session", "content_type": 5, "codename": "view_session"}}, {"model": "auth.permission", "pk": 21, "fields": {"name": "Can add category", "content_type": 6, "codename": "add_category"}}, {"model": "auth.permission", "pk": 22, "fields": {"name": "Can change category", "content_type": 6, "codename": "change_category"}}, {"model": "auth.permission", "pk": 23, "fields": {"name": "Can delete category", "content_type": 6, "codename": "delete_category"}}, {"model": "auth.permission", "pk": 24, "fields": {"name": "Can view category", "content_type": 6, "codename": "view_category"}}, {"model": "auth.permission", "pk": 25, "fields": {"name": "Can add size", "content_type": 7, "codename": "add_size"}}, {"model": "auth.permission", "pk": 26, "fields": {"name": "Can change size", "content_type": 7, "codename": "change_size"}}, {"model": "auth.permission", "pk": 27, "fields": {"name": "Can delete size", "content_type": 7, "codename": "delete_size"}}, {"model": "auth.permission", "pk": 28, "fields": {"name": "Can view size", "content_type": 7, "codename": "view_size"}}, {"model": "auth.permission", "pk": 29, "fields": {"name": "Can add product", "content_type": 8, "codename": "add_product"}}, {"model": "auth.permission", "pk": 30, "fields": {"name": "Can change product", "content_type": 8, "codename": "change_product"}}, {"model": "auth.permission", "pk": 31, "fields": {"name": "Can delete product", "content_type": 8, "codename": "delete_product"}}, {"model": "auth.permission", "pk": 32, "fields": {"name": "Can view product", "content_type": 8, "codename": "view_product"}}, {"model": "auth.permission", "pk": 33, "fields": {"name": "Can add inventory", "content_type": 9, "codename": "add_inventory"}}, {"model": "auth.permission", "pk": 34, "fields": {"name": "Can change inventory", "content_type": 9, "codename": "change_inventory"}}, {"model": "auth.permission", "pk": 35, "fields": {"name": "Can delete inventory", "content_type": 9, "codename": "delete_inventory"}}, {"model": "auth.permission", "pk": 36, "fields": {"name": "Can view inventory", "content_type": 9, "codename": "view_inventory"}}, {"model": "auth.permission", "pk": 37, "fields": {"name": "Can add user", "content_type": 10, "codename": "add_user"}}, {"model": "auth.permission", "pk": 38, "fields": {"name": "Can change user", "content_type": 10, "codename": "change_user"}}, {"model": "auth.permission", "pk": 39, "fields": {"name": "Can delete user", "content_type": 10, "codename": "delete_user"}}, {"model": "auth.permission", "pk": 40, "fields": {"name": "Can view user", "content_type": 10, "codename": "view_user"}}, {"model": "auth.permission", "pk": 41, "fields": {"name": "Can add cart", "content_type": 11, "codename": "add_cart"}}, {"model": "auth.permission", "pk": 42, "fields": {"name": "Can change cart", "content_type": 11, "codename": "change_cart"}}, {"model": "auth.permission", "pk": 43, "fields": {"name": "Can delete cart", "content_type": 11, "codename": "delete_cart"}}, {"model": "auth.permission", "pk": 44, "fields": {"name": "Can view cart", "content_type": 11, "codename": "view_cart"}}, {"model": "auth.permission", "pk": 45, "fields": {"name": "Can add email confirmation", "content_type": 12, "codename": "add_emailconfirmation"}}, {"model": "auth.permission", "pk": 46, "fields": {"name": "Can change email confirmation", "content_type": 12, "codename": "change_emailconfirmation"}}, {"model": "auth.permission", "pk": 47, "fields": {"name": "Can delete email confirmation", "content_type": 12, "codename": "delete_emailconfirmation"}}, {"model": "auth.permission", "pk": 48, "fields": {"name": "Can view email confirmation", "content_type": 12, "codename": "view_emailconfirmation"}}, {"model": "auth.permission", "pk": 49, "fields": {"name": "Can add order", "content_type": 13, "codename": "add_order"}}, {"model": "auth.permission", "pk": 50, "fields": {"name": "Can change order", "content_type": 13, "codename": "change_order"}}, {"model": "auth.permission", "pk": 51, "fields": {"name": "Can delete order", "content_type": 13, "codename": "delete_order"}}, {"model": "auth.permission", "pk": 52, "fields": {"name": "Can view order", "content_type": 13, "codename": "view_order"}}, {"model": "auth.permission", "pk": 53, "fields": {"name": "Can add cart", "content_type": 10, "codename": "add_cart"}}, {"model": "auth.permission", "pk": 54, "fields": {"name": "Can change cart", "content_type": 10, "codename": "change_cart"}}, {"model": "auth.permission", "pk": 55, "fields": {"name": "Can delete cart", "content_type": 10, "codename": "delete_cart"}}, {"model": "auth.permission", "pk": 56, "fields": {"name": "Can view cart", "content_type": 10, "codename": "view_cart"}}, {"model": "auth.permission", "pk": 57, "fields": {"name": "Can add user", "content_type": 11, "codename": "add_user"}}, {"model": "auth.permission", "pk": 58, "fields": {"name": "Can change user", "content_type": 11, "codename": "change_user"}}, {"model": "auth.permission", "pk": 59, "fields": {"name": "Can delete user", "content_type": 11, "codename": "delete_user"}}, {"model": "auth.permission", "pk": 60, "fields": {"name": "Can view user", "content_type": 11, "codename": "view_user"}}, {"model": "sessions.session", "pk": "232160ena38qh90tqv1ltamypeam6v5u", "fields": {"session_data": "eyJjYXRhbG9nX3VybCI6Ii9wcm9kdWN0cy9jYXRhbG9nL29idXYvIn0:1rtVSZ:TN3ov3q2SwwvN9jP9KQGgH4VlKFwfqKB2kYKyI3SAEM", "expire_date": "2024-04-21T16:33:35.077Z"}}, {"model": "sessions.session", "pk": "2mt789xr24p2taqg28fbnit3bygl7y1p", "fields": {"session_data": ".eJxVjEsOwiAUAO_C2hDK4-vSfc9AgPeQqqFJaVfGuxuSLnQ7M5k3C_HYazg6bWFBdmXALr8sxfykNgQ-YruvPK9t35bER8JP2_m8Ir1uZ_s3qLHXsdUkjCaHLiaSWYEghdmbSSAhuCiklpPVpRBkr6AYAKOVc2CS9bY49vkC4XY3Ww:1rhYHo:nYbCD7rMa6of-Q6y4muPwfI2LdcX7eJBoxmNefs_0Jk", "expire_date": "2024-03-19T17:09:04.915Z"}}, {"model": "sessions.session", "pk": "3eyhwqqvfphg7bd1s1f4ngwc1adz9qn0", "fields": {"session_data": "eyJjYXRhbG9nX3VybCI6Ii9wcm9kdWN0cy9jYXRhbG9nL2FsbC8ifQ:1rubkB:j6kcAk-OJ4eHfOHK2m6eEFctiw7LIDApsZfrcRBM5oQ", "expire_date": "2024-04-24T17:28:19.172Z"}}, {"model": "sessions.session", "pk": "9ezd4dlatys78yfpedblnrwqqakvsr6m", "fields": {"session_data": "eyJjYXRhbG9nX3VybCI6Ii9wcm9kdWN0cy9jYXRhbG9nL2FsbC8ifQ:1rsUK6:wJn3AEP52i1gYjXGn5x7EO-fnPE-VPci64JygnWv3Ak", "expire_date": "2024-04-18T21:08:38.494Z"}}, {"model": "sessions.session", "pk": "eoan01lj2ae57gyyjb1i1t7rki0ppyzq", "fields": {"session_data": "eyJjYXRhbG9nX3VybCI6Ii9wcm9kdWN0cy9jYXRhbG9nL2FsbC8ifQ:1rubKn:yxtifKcpWHCEw-a-OmmLRhW6vgSa4OZZGxrFFTB-u0w", "expire_date": "2024-04-24T17:02:05.761Z"}}, {"model": "sessions.session", "pk": "i9g5f2w032noga4z0nwcf004shxm22ar", "fields": {"session_data": "eyJjYXRhbG9nX3VybCI6Ii9wcm9kdWN0cy9jYXRhbG9nL29kZXpoZGEvP3BhZ2U9MSJ9:1rx6Gn:S-wZHYHh0Y4Hh5WlrsZ7HFzVeV1qYBRkGIsoIW0SpXI", "expire_date": "2024-05-01T14:28:17.668Z"}}, {"model": "sessions.session", "pk": "pm0969z4gsbcg097gel104d719udd26i", "fields": {"session_data": ".eJxVjEsOgyAUAO_CugGUj9hl9z0DecBDbYk0gKumd68mLtrtzGTexMLWZrtVLHYJ5EoEufwyB_6J6yHCA9YpU5_XVhZHj4SettJ7DphuZ_s3mKHOx1Yh1wpNMOCw91JwlMGPuuMBgzDAe9V3g4oRhR-liFoIraQxQrthHKLZpx4apDzZraR9yF4lh823yk7OICVGPl9eaEUa:1rzK6w:0U-x_oKnthC0xiwmNnFeFPWgBd_I6BUY3_2YCfbjbMk", "expire_date": "2024-05-07T17:39:18.679Z"}}, {"model": "sessions.session", "pk": "tctz8fh611lc3byrk5x1cdz89zh5pv1g", "fields": {"session_data": ".eJxVjEsOwiAUAO_C2hDK4-vSfc9AgPeQqqFJaVfGuxuSLnQ7M5k3C_HYazg6bWFBdmXALr8sxfykNgQ-YruvPK9t35bER8JP2_m8Ir1uZ_s3qLHXsdUkjCaHLiaSWYEghdmbSSAhuCiklpPVpRBkr6AYAKOVc2CS9bY49vkC4XY3Ww:1rnOJa:z0BUzJNBL08_Vzx78i56J4K3FtWjBKV4yfseVlp_z9M", "expire_date": "2024-04-04T19:43:02.079Z"}}, {"model": "sessions.session", "pk": "xmdcizs66hiwbogmvs83c57vp82d128p", "fields": {"session_data": ".eJxVjEsOwiAUAO_C2hDK4-vSfc9AgPeQqqFJaVfGuxuSLnQ7M5k3C_HYazg6bWFBdmXALr8sxfykNgQ-YruvPK9t35bER8JP2_m8Ir1uZ_s3qLHXsdUkjCaHLiaSWYEghdmbSSAhuCiklpPVpRBkr6AYAKOVc2CS9bY49vkC4XY3Ww:1rmbXE:cYDiTin4LJNfoHPMsPPCpfzVr2FkdsD1y0VFpOvkjx0", "expire_date": "2024-04-02T15:37:52.948Z"}}, {"model": "products.category", "pk": 1, "fields": {"name": "Одежда", "slug": "odezhda"}}, {"model": "products.category", "pk": 2, "fields": {"name": "Обувь", "slug": "obuv"}}, {"model": "products.category", "pk": 3, "fields": {"name": "Аксессуары", "slug": "aksessuary"}}, {"model": "products.product", "pk": 1, "fields": {"name": "Худи черного цвета с монограммами adidas Originals", "description": "Мягкая ткань для свитшотов. Стиль и комфорт - это образ жизни", "price": "6090.00", "image": "products_images/Adidas-hoodie.png", "category": 1}}, {"model": "products.product", "pk": 2, "fields": {"name": "Синяя куртка The North Face", "description": "Гладкая ткань. Водонепроницаемое покрытие. Легкий и теплый пуховой наполнитель", "price": "23725.00", "image": "products_images/Blue-jacket-The-North-Face.png", "category": 1}}, {"model": "products.product", "pk": 3, "fields": {"name": "Коричневый спортивный oversized-топ ASOS DESIGN", "description": "Материал с плюшевой текстурой. Удобный и мягкий", "price": "3390.00", "image": "products_images/Brown-sports-oversized-top-ASOS-DESIGN.png", "category": 1}}, {"model": "products.product", "pk": 4, "fields": {"name": "Джинсовая куртка Oversized", "description": "Джинсовая куртка oversize. Отложной воротник. Спущенное плечо. Длинные рукава с манжетами на пуговицах. Застежка на металлические пуговицы.", "price": "4999.00", "image": "products_images/700319.480x617.jpg", "category": 1}}, {"model": "products.product", "pk": 5, "fields": {"name": "Кожаные кеды в минималистичном стиле Lera Nena", "description": "Натуральная кожа. Прочный износостойкий эластичный материал", "price": "8490.00", "image": "products_images/leather_sneakers_Lera_Nena.jpg", "category": 2}}, {"model": "products.size", "pk": 2, "fields": {"size": "XXS"}}, {"model": "products.size", "pk": 3, "fields": {"size": "XS"}}, {"model": "products.size", "pk": 4, "fields": {"size": "S"}}, {"model": "products.size", "pk": 5, "fields": {"size": "M"}}, {"model": "products.size", "pk": 6, "fields": {"size": "L"}}, {"model": "products.size", "pk": 7, "fields": {"size": "XL"}}, {"model": "products.size", "pk": 8, "fields": {"size": "XXL"}}, {"model": "products.size", "pk": 9, "fields": {"size": "3XL"}}, {"model": "products.size", "pk": 10, "fields": {"size": "4XL"}}, {"model": "products.size", "pk": 11, "fields": {"size": "5XL"}}, {"model": "products.size", "pk": 12, "fields": {"size": "34"}}, {"model": "products.size", "pk": 13, "fields": {"size": "35"}}, {"model": "products.size", "pk": 14, "fields": {"size": "36"}}, {"model": "products.size", "pk": 15, "fields": {"size": "37"}}, {"model": "products.size", "pk": 16, "fields": {"size": "38"}}, {"model": "products.size", "pk": 17, "fields": {"size": "39"}}, {"model": "products.size", "pk": 18, "fields": {"size": "40"}}, {"model": "products.size", "pk": 19, "fields": {"size": "41"}}, {"model": "products.size", "pk": 20, "fields": {"size": "42"}}, {"model": "products.size", "pk": 21, "fields": {"size": "43"}}, {"model": "products.size", "pk": 22, "fields": {"size": "44"}}, {"model": "products.size", "pk": 23, "fields": {"size": "45"}}, {"model": "products.size", "pk": 24, "fields": {"size": "46"}}, {"model": "products.size", "pk": 25, "fields": {"size": "47"}}, {"model": "products.size", "pk": 26, "fields": {"size": "48"}}, {"model": "products.inventory", "pk": 1, "fields": {"product": 1, "size": 4, "quantity": 5}}, {"model": "products.inventory", "pk": 2, "fields": {"product": 1, "size": 5, "quantity": 14}}, {"model": "products.inventory", "pk": 3, "fields": {"product": 1, "size": 6, "quantity": 4}}, {"model": "products.inventory", "pk": 4, "fields": {"product": 2, "size": 4, "quantity": 6}}, {"model": "products.inventory", "pk": 5, "fields": {"product": 2, "size": 5, "quantity": 8}}, {"model": "products.inventory", "pk": 6, "fields": {"product": 2, "size": 6, "quantity": 6}}, {"model": "products.inventory", "pk": 7, "fields": {"product": 3, "size": 4, "quantity": 10}}, {"model": "products.inventory", "pk": 8, "fields": {"product": 3, "size": 5, "quantity": 10}}, {"model": "products.inventory", "pk": 9, "fields": {"product": 5, "size": 13, "quantity": 4}}, {"model": "products.inventory", "pk": 10, "fields": {"product": 5, "size": 14, "quantity": 5}}, {"model": "products.inventory", "pk": 11, "fields": {"product": 4, "size": 5, "quantity": 5}}, {"model": "products.inventory", "pk": 12, "fields": {"product": 4, "size": 4, "quantity": 4}}, {"model": "products.cart", "pk": 8, "fields": {"user": 3, "product": 7, "quantity": 1, "created_timestamp": "2024-04-02T17:45:40.939Z"}}, {"model": "products.cart", "pk": 12, "fields": {"user": 3, "product": 11, "quantity": 3, "created_timestamp": "2024-04-04T19:38:06.741Z"}}, {"model": "products.cart", "pk": 15, "fields": {"user": 3, "product": 9, "quantity": 1, "created_timestamp": "2024-04-11T19:09:47.263Z"}}, {"model": "products.cart", "pk": 18, "fields": {"user": 3, "product": 1, "quantity": 1, "created_timestamp": "2024-04-14T12:54:44.997Z"}}, {"model": "users.user", "pk": 3, "fields": {"password": "pbkdf2_sha256$600000$x5gLSv2n2167CjCzbOApQx$4SjlKUmkhdKEnQZG7ef8AUp4A3IAV6MupdmgVnAr80Q=", "last_login": "2024-04-23T17:14:14.779Z", "is_superuser": true, "username": "root", "first_name": "Admin", "last_name": "Adminovch", "is_staff": true, "is_active": true, "date_joined": "2024-03-05T17:08:01.075Z", "photo": "users_images/bbcbbfd471c311eeabdb6ac6a1596643_upscaled.jpeg", "email": "root@gmail.com", "date_birth": "1991-04-09", "is_confirmed": true, "groups": [], "user_permissions": []}}, {"model": "users.user", "pk": 8, "fields": {"password": "pbkdf2_sha256$600000$AgqWZzvqE5DUEBcX4D82ja$UPuW7WWH46MbVC01YXVlpQqkVw0mLYixdvduJWqQ3/I=", "last_login": "2024-03-22T20:55:18.072Z", "is_superuser": false, "username": "vaselisa87@mail.ru", "first_name": "катя", "last_name": "маслова", "is_staff": false, "is_active": true, "date_joined": "2024-03-22T20:51:57.719Z", "photo": "users_images/image_2023-08-12_01-59-15.png", "email": "vaselisa87@mail.ru", "date_birth": "1930-09-15", "is_confirmed": true, "groups": [], "user_permissions": []}}, {"model": "users.user", "pk": 11, "fields": {"password": "pbkdf2_sha256$600000$pKqsNW1VoZcp48xKGWTj6Y$sJEElLzWG5q7jS8f2DMVjP3o6HzWIoL7BO6Z7s/48ng=", "last_login": "2024-03-25T15:20:22.565Z", "is_superuser": false, "username": "CoolMax", "first_name": "Максим", "last_name": "Заляльдинов", "is_staff": false, "is_active": true, "date_joined": "2024-03-25T15:18:27.727Z", "photo": "users_images/CoolMax.jpg", "email": "CoolMax@gmail.com", "date_birth": "1991-01-01", "is_confirmed": true, "groups": [], "user_permissions": []}}, {"model": "users.user", "pk": 12, "fields": {"password": "pbkdf2_sha256$600000$SogrwGZAsXGXVVsX4k3naB$MvKfUKieuSX+YMILlKIIi9YBx7IZjPKG4T6FLvKgoII=", "last_login": "2024-04-13T16:16:25.728Z", "is_superuser": false, "username": "MadUri", "first_name": "Юрий", "last_name": "Крикливый", "is_staff": false, "is_active": true, "date_joined": "2024-04-13T16:14:29.934Z", "photo": "", "email": "maduri@mail.ru", "date_birth": null, "is_confirmed": true, "groups": [], "user_permissions": []}}, {"model": "users.user", "pk": 22, "fields": {"password": "pbkdf2_sha256$600000$5dh4ZmlcQr71kmyJvmc3Gn$WJ0sljWmrqykK4KJSIOeWRolVaqaZUX1XXZ4WdP0eZQ=", "last_login": null, "is_superuser": false, "username": "test", "first_name": "afasf", "last_name": "asfasf", "is_staff": false, "is_active": true, "date_joined": "2024-04-22T16:38:40.518Z", "photo": "", "email": "f@gmail.com", "date_birth": null, "is_confirmed": true, "groups": [], "user_permissions": []}}]